{"cameraMode":{"drawMode":0,"name":"Shaded","section":"Shading Mode"},"sceneLighting":false,"audioPlay":false,"sceneViewState":{"showFog":true,"showMaterialUpdate":false,"showSkybox":false,"showFlares":true,"showImageEffects":true,"showParticleSystems":true},"in2DMode":false,"pivot":{"x":0.4183826446533203,"y":-1.8089332580566407,"z":-2.2870779037475588},"rotation":{"x":-0.35790732502937319,"y":-0.27609238028526308,"z":0.1116570308804512,"w":-0.8849920034408569},"size":22.0,"orthographic":false}