{"cameraMode":{"drawMode":0,"name":"Shaded","section":"Shading Mode"},"sceneLighting":false,"audioPlay":false,"sceneViewState":{"showFog":true,"showMaterialUpdate":false,"showSkybox":false,"showFlares":true,"showImageEffects":true,"showParticleSystems":true},"in2DMode":false,"pivot":{"x":0.4183826446533203,"y":-1.8089332580566407,"z":-2.2870779037475588},"rotation":{"x":-0.29190072417259219,"y":-0.32099002599716189,"z":0.104704350233078,"w":-0.8948733806610107},"size":22.0,"orthographic":false}