{"count":1,"self":41.587584,"total":42.1247857,"children":{"AgentResetIfDone":{"count":2039,"self":0.0118122,"total":0.0118122,"children":null},"AgentSendState":{"count":2039,"self":0.0343962,"total":0.49088909999999997,"children":{"CollectObservations":{"count":2855,"self":0.4564929,"total":0.4564929,"children":null}}},"DecideAction":{"count":2039,"self":0.0157798,"total":0.0157798,"children":null},"AcademyStep":{"count":2039,"self":0.0068521999999999993,"total":0.0068521999999999993,"children":null},"AgentAct":{"count":2039,"self":0.01087,"total":0.01087,"children":null}}}