{"count":1,"self":8.9492359999999991,"total":28.8864985,"children":{"AgentResetIfDone":{"count":10251,"self":0.12147419999999999,"total":0.12147419999999999,"children":null},"AgentSendState":{"count":10251,"self":0.3043248,"total":0.94653139999999991,"children":{"CollectObservations":{"count":12306,"self":0.6422066,"total":0.6422066,"children":null}}},"DecideAction":{"count":10251,"self":18.5669968,"total":18.6710644,"children":{"AgentInfo.ToProto":{"count":2051,"self":0.1040681,"total":0.1040681,"children":null}}},"AcademyStep":{"count":10251,"self":0.051694,"total":0.051694,"children":null},"AgentAct":{"count":10251,"self":0.1445001,"total":0.1445001,"children":null}}}