{"count":1,"self":465.947904,"total":1910.0573539,"children":{"AgentResetIfDone":{"count":337584,"self":4.0961048,"total":4.0961045999999994,"children":null},"AgentSendState":{"count":337584,"self":14.0154832,"total":99.547798399999991,"children":{"CollectObservations":{"count":417666,"self":85.5323136,"total":85.5323159,"children":null}}},"DecideAction":{"count":200201,"self":1324.5128703999999,"total":1331.3379807,"children":{"AgentInfo.ToProto":{"count":400402,"self":6.8251224,"total":6.8251227,"children":null}}},"AcademyStep":{"count":200201,"self":1.5756919999999999,"total":1.5756919999999999,"children":null},"AgentAct":{"count":200201,"self":7.5508967999999994,"total":7.5508967,"children":null}}}