{"count":1,"self":106.4564224,"total":110.34074439999999,"children":{"AgentResetIfDone":{"count":4944,"self":0.057256999999999995,"total":0.057256999999999995,"children":null},"AgentSendState":{"count":4944,"self":0.1099749,"total":0.41870209999999997,"children":{"CollectObservations":{"count":5934,"self":0.3087272,"total":0.3087272,"children":null}}},"DecideAction":{"count":4944,"self":3.2738783999999996,"total":3.2738783999999996,"children":null},"AcademyStep":{"count":4944,"self":0.0356511,"total":0.0356511,"children":null},"AgentAct":{"count":4944,"self":0.0978341,"total":0.0978341,"children":null}}}